CustomerID,Gender,Age,Tenure,Balance,NumOfProducts,HasCreditCard,IsActiveMember,EstimatedSalary,Churn
1001,Male,34,33,144863.49,4,0,0,115348.51,1
1002,Female,26,10,158418.73,1,1,1,151829.92,0
1003,Male,50,40,80959.69,3,0,1,186339.39,0
1004,Male,37,2,130815.16,1,0,1,195532.4,1
1005,Male,30,27,70847.25,4,1,1,169976.78,0
1006,Female,45,28,105100.92,4,0,1,74543.15,1
1007,Male,65,8,96326.97,4,1,0,193978.55,1
1008,Male,46,2,35377.43,2,1,1,133061.52,0
1009,Male,30,24,77415.75,3,1,1,187515.65,1
1010,Female,63,33,192764.46,3,1,1,141698.9,0
1011,Male,52,11,49716.05,4,0,1,75303.01,0
1012,Male,23,41,26760.75,4,0,1,86604.41,0
1013,Male,35,8,83716.12,2,0,0,119084.92,0
1014,Male,68,14,158067.55,1,0,0,162202.67,1
1015,Female,22,39,116429.65,1,0,1,77236.86,1
1016,Male,64,24,136194.97,3,1,0,124351.61,0
1017,Female,42,4,37938.97,2,0,0,82212.5,0
1018,Female,19,10,123789.64,4,0,1,166838.49,1
1019,Female,27,33,64700.08,3,0,0,104011.06,0
1020,Male,47,23,166860.67,2,1,1,33810.11,1
1021,Female,67,14,125859.76,1,1,0,49889.45,0
1022,Male,62,37,39771.26,2,0,0,30998.84,1
1023,Female,22,7,12923.34,1,1,0,109874.53,1
1024,Female,50,4,8526.64,2,0,1,39140.71,1
1025,Female,18,47,74281.71,3,0,0,40545.19,0
1026,Female,35,25,53170.23,1,1,0,189388.69,0
1027,Female,49,17,129218.02,3,1,1,177077.91,0
1028,Female,64,5,99866.77,3,0,1,101375.59,0
1029,Female,66,36,53203.86,1,0,0,197444.96,0
1030,Female,28,47,29847.56,1,1,1,20033.58,1
1031,Male,38,12,25439.95,4,0,0,130516.3,1
1032,Male,43,27,172932.08,4,1,0,130957.07,1
1033,Female,42,4,48695.59,4,0,1,102339.75,1
1034,Female,39,12,130342.13,3,1,1,91450.64,1
1035,Female,44,16,162137.19,3,0,1,101968.96,1
1036,Male,66,49,122816.26,4,0,0,94692.88,1
1037,Female,30,39,171913.05,3,1,1,151488.65,0
1038,Male,50,44,78478.74,3,0,0,44363.98,1
1039,Male,51,31,191244.44,1,0,1,55575.06,0
1040,Male,58,28,26629,1,1,0,52493.28,1
1041,Male,52,2,20429.91,3,0,1,67244.71,1
1042,Male,18,39,131738.43,4,0,0,114546.52,0
1043,Female,38,33,188566.23,2,0,1,40017.57,1
1044,Female,65,39,161776.69,4,1,0,176270.47,0
1045,Female,23,26,15283.37,2,1,1,73525.08,1
1046,Female,45,12,55873.54,4,1,1,49256.84,0
1047,Female,34,44,186063.78,1,0,0,141611.84,1
1048,Male,22,32,50611.69,3,0,1,26855.53,0
1049,Female,48,5,156234.08,3,0,0,131594.34,0
1050,Female,22,23,165026.44,1,0,0,145675.72,1
1051,Male,55,18,99090.42,2,1,1,58684.98,1
1052,Female,20,15,77269.78,2,0,0,27553.53,0
1053,Male,40,39,90024.89,2,0,1,85456.16,1
1054,Female,54,27,45392.94,1,0,1,37746.96,0
1055,Male,54,32,177878.18,2,1,0,40966.01,1
1056,Female,27,47,90123.93,1,0,1,65767.02,0
1057,Female,27,40,176491.89,4,0,0,73184.23,1
1058,Male,36,12,21138.7,4,0,0,115394.66,0
1059,Male,34,42,197655.05,1,0,1,142110.54,1
1060,Male,38,44,88654.62,3,0,1,126698.77,0
1061,Male,31,24,9566.16,4,1,0,46704.86,0
1062,Male,26,41,7604.37,2,0,0,50975.49,1
1063,Male,63,35,149241.45,1,0,1,178178.46,1
1064,Male,18,26,131807.11,2,0,1,120503.42,0
1065,Male,68,37,160426.11,2,0,1,176588.81,0
1066,Female,62,6,21073.51,3,0,1,86878.37,0
1067,Female,30,4,7114.17,2,0,0,130592,0
1068,Male,21,42,101715.86,3,0,1,114259.41,1
1069,Female,18,44,77519.05,4,0,0,77442.23,0
1070,Female,66,30,92389.39,1,0,0,104584.77,0
1071,Female,57,22,198317.68,2,0,1,110448.36,0
1072,Female,49,41,194149.99,1,1,0,56138.78,1
1073,Male,51,9,188463.08,2,1,1,76701.87,0
1074,Female,45,31,156768.54,1,1,0,162453.76,1
1075,Male,48,42,70968.27,2,1,1,184841.88,1
1076,Female,25,29,82426.19,2,0,0,84762.94,1
1077,Female,56,38,109923.21,2,1,0,75255.01,1
1078,Female,43,30,166106.89,2,1,1,55135.49,1
1079,Male,51,17,13742.57,2,0,1,142128.41,1
1080,Female,20,35,84859.38,2,1,0,78157.95,1
1081,Male,67,1,16523.53,2,1,0,197794.92,0
1082,Female,29,13,102931.52,2,0,1,78623.26,0
1083,Male,18,12,179780.16,2,0,0,90944.49,1
1084,Female,61,28,156496.98,1,0,1,128600.16,0
1085,Male,22,11,45568.48,3,1,0,164303.17,0
1086,Male,47,38,195198.17,2,1,1,104513.36,1
1087,Female,47,1,133470.08,3,0,0,96078.09,0
1088,Male,34,31,2085.54,2,0,1,199214.81,1
1089,Female,65,12,51082.7,2,1,1,21888.86,0
1090,Female,64,45,52142.66,1,0,0,181111.75,1
1091,Female,40,26,13850.86,4,1,1,46845.35,1
1092,Female,32,48,191965.3,4,0,0,161466.55,0
1093,Female,54,40,95651.06,1,0,1,131227.68,0
1094,Female,38,16,179162.92,3,1,1,81532.51,1
1095,Female,31,39,64443.1,4,0,1,177297.49,1
1096,Female,19,30,25046.71,1,0,0,22323.3,1
1097,Female,28,33,94867.22,1,0,1,60804.32,0
1098,Female,68,23,22791.33,4,1,0,122040.7,0
1099,Female,56,44,97203.1,3,0,1,83277.61,0
1100,Male,55,34,184059.44,1,0,0,129867.95,0
1101,Male,51,47,104153.63,2,0,0,24339.83,1
1102,Female,55,5,123299.95,3,0,0,40962.61,1
1103,Female,67,18,31327.69,3,0,1,42877.32,1
1104,Female,51,29,8747.13,4,0,0,54071.06,1
1105,Female,35,6,22161.59,4,1,1,102679.66,0
1106,Female,47,9,119706.32,2,1,0,155383.17,1
1107,Female,32,40,19002.34,1,0,0,182996.99,1
1108,Female,44,31,75198.58,4,1,0,170367.06,0
1109,Female,68,33,110018.39,4,1,0,55439.82,0
1110,Male,51,27,77730.56,3,0,1,99407.1,1
1111,Female,69,14,32736.76,4,1,0,55894.09,0
1112,Male,55,29,54758.26,4,1,0,67604.93,1
1113,Female,50,36,185663.51,4,1,1,110638.46,0
1114,Female,41,28,135196.46,4,1,0,32259.62,0
1115,Male,32,21,99209.57,3,1,0,59271.38,1
1116,Female,47,3,2542.98,2,1,0,188368.07,0
1117,Male,59,19,198483.08,2,1,0,103900.93,1
1118,Female,68,31,134290.99,1,1,1,100169.57,0
1119,Female,34,35,63384.5,4,0,1,22622.09,0
1120,Male,22,49,175853.73,3,0,0,64531.95,0
1121,Female,46,3,51686.32,1,1,1,175932.64,0
1122,Male,21,26,108803.32,1,1,1,49633.12,0
1123,Female,27,16,127214.15,2,0,0,94722.49,1
1124,Male,34,11,44212.67,3,1,1,22579.56,0
1125,Male,27,21,195679.46,3,1,0,106100.39,1
1126,Female,34,16,149638.38,3,0,1,23783.8,0
1127,Female,37,9,111562.65,2,0,1,167529.72,1
1128,Male,41,0,36118.92,2,0,1,168473.68,0
1129,Female,22,21,10771.64,2,1,0,161793.59,1
1130,Female,51,25,64011.97,2,1,1,71005.53,1
1131,Female,23,17,150637.47,2,0,0,170702.7,0
1132,Male,19,49,53866.26,4,0,0,117739.66,0
1133,Male,30,13,107911.24,4,1,1,87285.46,0
1134,Male,60,46,145589.44,3,0,0,132559.39,1
1135,Male,60,28,21588.74,1,1,1,22221.39,1
1136,Male,65,11,137059.6,3,1,0,45732.96,0
1137,Male,28,35,18374.18,1,0,0,153612.84,0
1138,Male,68,34,193025.95,2,0,1,63949.09,1
1139,Male,64,11,97678.83,1,1,1,127641.64,1
1140,Male,40,6,30135.22,3,0,1,89318.47,0
1141,Female,33,28,68476.73,3,0,1,173865.04,1
1142,Male,48,10,82683.29,1,0,0,191434.76,0
1143,Female,28,32,151637,4,0,0,179041.65,0
1144,Female,33,5,148684.76,2,1,0,68711.6,0
1145,Female,25,46,122388.1,2,1,1,54949.32,1
1146,Male,21,14,21186.14,3,1,0,105398.28,1
1147,Male,57,31,30313.87,4,1,1,21320.15,1
1148,Male,21,10,18751.38,1,0,0,24645.69,1
1149,Male,42,22,115434.56,2,0,1,119592.32,0
1150,Female,20,25,175427.69,4,1,0,113680.89,1
1151,Male,49,33,86760.1,2,1,0,199024.76,0
1152,Male,20,45,32169.63,4,0,1,56331.53,0
1153,Male,44,33,111608.47,4,1,0,66458.71,0
1154,Male,46,28,162350.44,3,1,1,40437.32,1
1155,Male,49,3,148342.41,2,0,0,185157.74,0
1156,Female,67,16,176290.16,1,1,0,160006.02,0
1157,Male,68,34,55580.42,3,0,1,168021.04,1
1158,Female,36,12,38790.77,3,0,1,182497.48,0
1159,Male,38,40,175963.3,1,1,0,114482,1
1160,Female,22,38,131512.06,3,0,0,101214.77,1
1161,Male,35,14,62185.79,4,1,0,79470.47,1
1162,Male,45,28,148469.61,4,0,0,126058.63,0
1163,Female,59,28,163023.68,2,1,0,101770.11,1
1164,Female,39,10,122995.65,2,1,0,101281.81,1
1165,Female,38,31,137576.82,1,1,1,188647.02,1
1166,Male,23,1,75051.98,2,0,1,197125.67,1
1167,Female,18,46,107739.13,4,0,1,163367.19,0
1168,Male,22,13,104831.83,1,1,0,156216.46,1
1169,Male,58,19,169609.56,1,0,0,142500.47,0
1170,Female,29,21,167992.8,2,1,0,49893.47,1
1171,Female,43,10,166536.09,4,1,1,30639.05,0
1172,Male,63,26,2206.32,1,0,1,144330.74,1
1173,Male,51,2,149909.1,4,1,0,151181.52,0
1174,Female,66,16,151735.28,4,0,0,28455.14,1
1175,Female,31,43,135675.76,4,1,1,187049.32,0
1176,Female,43,27,151252.93,2,0,1,36405.32,0
1177,Male,62,28,168394.07,3,1,1,71462.1,0
1178,Male,44,20,94063.81,3,1,0,141030.17,1
1179,Male,26,46,100410.04,1,0,0,50577.07,0
1180,Male,43,15,24942.81,4,1,0,29974.86,0
1181,Male,64,36,77075.18,2,1,1,79606.37,0
1182,Male,39,19,128673.04,4,0,1,157874.88,0
1183,Female,64,5,156079.96,4,1,0,94462.16,1
1184,Male,47,18,43441.82,2,0,0,137535.13,0
1185,Male,60,4,27564.58,3,1,1,124331.44,0
1186,Male,65,2,132608.4,4,0,0,23999.33,0
1187,Female,34,0,375.98,4,1,1,197937.2,1
1188,Male,43,37,35674.52,3,1,1,27457.06,0
1189,Male,53,14,5814.28,2,1,0,194204.49,0
1190,Female,18,33,33377.02,1,0,1,118975.55,0
1191,Male,25,34,36263.86,3,0,0,193368.62,0
1192,Male,66,48,77534.72,1,0,1,40655.65,1
1193,Male,52,24,80465.42,1,0,1,108273.53,0
1194,Male,69,23,174852.49,3,1,0,50510.74,0
1195,Male,32,11,102021.94,4,1,1,29175.48,1
1196,Female,64,17,144680.95,1,0,0,131155.24,1
1197,Female,39,14,20827.47,1,0,0,57401.02,1
1198,Female,31,43,45087.75,2,0,1,125785.46,0
1199,Male,43,15,140588.69,4,1,0,40225.61,1
1200,Male,45,26,10560.79,1,0,0,79757.56,0
1201,Male,40,7,97319.53,2,0,0,160693.86,1
1202,Female,31,45,119873.79,4,1,0,98669.27,0
1203,Male,41,24,120429.13,3,1,0,132994.17,1
1204,Male,19,16,4586.56,3,0,0,136542.43,0
1205,Female,62,28,64421.6,2,1,1,171875.91,1
1206,Male,43,7,127298.13,3,0,0,78486.1,0
1207,Female,31,14,29799.95,1,1,1,143713.2,0
1208,Female,68,26,139083.13,4,0,1,193090.85,0
1209,Female,24,45,149185.04,1,0,0,151443.8,0
1210,Male,20,49,196393.84,1,0,1,108176.69,0
1211,Male,64,6,41968.4,3,0,1,133529.14,0
1212,Male,40,2,165026.13,1,1,0,153142.92,0
1213,Male,63,28,104059.32,3,1,0,130209.64,0
1214,Male,60,43,74692.52,4,1,0,23001.65,1
1215,Male,64,23,24475.35,4,1,1,55059.23,0
1216,Male,62,2,147101.12,1,0,1,165884.28,0
1217,Female,35,19,47171.52,2,0,0,69077.12,1
1218,Male,55,45,74284.4,3,1,0,151681.18,0
1219,Female,52,14,12508.45,3,1,1,86981.64,1
1220,Male,68,24,160273.38,1,1,1,113939.18,0
1221,Male,32,29,153317.7,3,1,1,32235.19,1
1222,Male,42,13,146723.17,3,1,1,52620.6,1
1223,Female,54,6,59888.7,2,0,0,192295.45,0
1224,Female,45,16,34696.01,2,0,1,180224.85,1
1225,Female,27,43,127510.65,1,0,1,137409.52,0
1226,Female,56,19,99233.28,2,1,1,102736.03,0
1227,Male,34,35,35650.49,1,1,1,141637.03,0
1228,Female,56,8,137182.25,4,1,0,131349.85,0
1229,Male,39,37,198225.29,1,1,0,122339.41,1
1230,Male,43,47,149443.92,4,0,1,30651.87,0
1231,Female,61,21,147997.28,1,0,1,133904.47,1
1232,Female,42,1,190062.55,3,1,0,158405.61,1
1233,Female,34,23,40587.27,2,0,0,198934.7,0
1234,Female,30,7,113109.99,4,0,1,21994.14,0
1235,Female,37,10,195929.34,1,1,1,151431.22,0
1236,Female,42,12,33058.82,2,1,0,122922.08,0
1237,Female,21,16,140050.39,1,1,0,98129.39,1
1238,Female,27,7,117162.03,2,1,0,42962.63,0
1239,Male,20,20,117295.82,2,1,0,93635.33,1
1240,Female,58,17,139534.13,1,1,0,83787.89,0
1241,Female,62,29,185923.38,4,0,0,74509.38,0
1242,Male,35,17,156516.39,4,0,1,151558.33,0
1243,Female,64,45,11227.22,3,1,0,146130.59,0
1244,Male,53,46,170545.6,2,0,0,126023.62,1
1245,Male,64,30,45108.27,3,1,0,188959.67,1
1246,Female,39,37,75382.83,3,1,0,82973.79,0
1247,Male,51,31,92346.56,1,1,1,63884.35,1
1248,Male,64,10,96181.2,1,1,1,138062.6,1
1249,Male,25,44,87036.08,1,0,0,55786.53,0
1250,Male,57,24,187470.66,2,1,1,76701.89,0
1251,Female,66,32,141203.8,1,0,1,60428.44,1
1252,Male,61,37,126234.13,1,1,1,32447.64,1
1253,Female,36,40,9968.41,2,1,1,168949.77,1
1254,Male,59,7,180782.67,2,1,1,65817.3,1
1255,Male,58,10,181878.04,4,0,1,105144.95,0
1256,Male,54,21,156042.61,1,1,0,27796.75,0
1257,Male,23,23,1405.84,1,1,0,145881.1,1
1258,Female,69,40,11456.05,1,1,0,79500.98,0
1259,Female,43,16,45044.74,4,0,0,154052.61,1
1260,Male,51,11,26269.88,1,0,0,94232.55,1
1261,Male,62,45,79767.21,4,0,1,55236.01,0
1262,Female,23,31,184524.61,3,1,0,112371.51,1
1263,Male,54,14,94412.09,4,0,0,43490.82,1
1264,Male,50,15,2680.53,3,1,1,99297.05,0
1265,Male,39,21,56549.14,1,0,1,77114.99,0
1266,Female,38,27,8918.98,3,0,0,184152.73,1
1267,Female,23,19,7257.52,4,1,1,30967.17,1
1268,Female,23,32,55143.97,2,0,1,144923.13,0
1269,Male,65,9,55122.47,3,1,1,52895.21,1
1270,Male,21,39,157425.32,3,1,1,77428.11,1
1271,Female,47,31,194966.93,1,0,0,94792.53,0
1272,Female,28,49,74241.42,4,1,1,183442.72,0
1273,Female,47,32,85777.38,3,1,0,63664.09,0
1274,Female,48,1,168957.89,3,0,0,36435.58,0
1275,Male,41,32,53627.8,3,0,1,77364.13,0
1276,Female,26,32,31276.36,3,1,1,38841.67,0
1277,Male,20,40,170617.92,2,0,1,43147.37,1
1278,Female,68,12,9300.12,4,1,0,123293.11,1
1279,Male,48,29,123939.89,1,1,1,30962.35,0
1280,Female,57,32,112398.57,1,0,1,25567.56,0
1281,Female,54,12,69184.09,2,0,1,148594.54,1
1282,Female,53,25,63037.9,4,0,1,85096.48,1
1283,Female,41,21,154371.55,3,0,1,42567.56,1
1284,Male,48,38,17284.92,2,1,0,65650.3,0
1285,Female,23,1,47356.86,4,1,1,135575.57,0
1286,Male,19,37,146489.75,3,0,1,69596.58,1
1287,Male,37,38,109664.12,2,0,1,109013.8,0
1288,Male,45,25,25597.64,4,1,0,41905.16,0
1289,Male,28,45,176427.12,1,1,1,125856.85,0
1290,Female,21,49,78689.57,1,1,0,76893.98,1
1291,Male,32,14,165573.68,4,1,0,132854.32,1
1292,Male,23,33,157542.6,1,0,1,165511.08,0
1293,Male,66,41,124885.09,4,1,1,130096.36,0
1294,Female,47,43,98896.23,3,1,1,73234.56,0
1295,Female,55,48,195910.17,4,0,0,66033.87,0
1296,Female,68,39,28993.01,3,1,0,78935.77,0
1297,Female,19,10,145031.15,2,1,0,49631.69,1
1298,Male,32,2,38238.14,4,0,0,52610.93,0
1299,Male,28,5,67652.62,2,0,0,162324.4,0
1300,Female,25,8,61739.75,1,0,0,89251.86,0
1301,Male,43,5,189407.2,3,1,1,98479.13,1
1302,Male,68,8,193471.24,4,1,1,126928.9,1
1303,Male,62,38,36603.09,2,0,0,126137.63,0
1304,Female,61,30,4407.03,3,0,1,32127.84,1
1305,Female,22,31,144001.61,3,1,1,169677.34,1
1306,Male,23,40,83597.99,1,0,0,51918.78,1
1307,Female,43,49,17768.05,1,0,0,150152.89,1
1308,Female,21,11,136750.82,3,0,1,159080.78,1
1309,Female,36,7,109021.11,3,1,0,148681.92,1
1310,Female,37,7,196103.36,4,1,0,124215.98,0
1311,Female,50,49,45481.9,3,1,1,22629.62,1
1312,Male,37,27,80795.58,4,1,0,84867.59,1
1313,Female,66,19,108509.16,3,1,1,128871.1,0
1314,Male,29,46,158340,1,1,1,89741.23,0
1315,Male,64,6,109767.73,4,0,1,175426.38,0
1316,Female,18,10,122580.03,2,1,1,75584.41,0
1317,Male,43,19,45229.41,1,1,1,72836.26,1
1318,Male,31,15,169383.75,4,0,0,67879.58,1
1319,Male,55,3,85726.11,4,1,0,79900.56,1
1320,Female,54,5,28191.93,2,1,0,120332.89,1
1321,Female,28,21,132837.58,4,0,0,147262.75,0
1322,Male,53,25,43218.09,3,0,1,139262.23,1
1323,Female,30,2,19512.5,2,0,1,165389.21,1
1324,Female,60,40,172397.38,1,1,0,179464.52,0
1325,Female,20,41,92032.45,1,0,1,166894.23,1
1326,Female,50,13,149856.74,3,1,0,23410.17,1
1327,Male,23,10,58117.51,1,1,0,152465.23,1
1328,Male,67,17,157394.03,4,1,0,57511.92,1
1329,Female,27,11,22387.19,4,1,1,43927.05,0
1330,Female,22,22,71194.67,3,0,1,134927.98,0
1331,Male,40,11,195612.36,1,0,1,77553.78,0
1332,Male,27,12,158797.94,1,1,1,30281.09,0
1333,Female,61,24,99451.19,3,0,0,44773.35,0
1334,Male,19,44,67955.49,2,1,1,20167.3,1
1335,Female,30,18,174427.14,1,1,1,182580.25,1
1336,Female,57,45,108969.55,2,1,1,24431.24,0
1337,Male,19,35,151685,1,0,0,57702.04,0
1338,Male,37,44,150821.54,1,1,0,94927.3,0
1339,Female,18,7,3589.14,1,1,1,84182.84,1
1340,Female,54,28,25250.76,1,0,1,184110.66,0
1341,Male,26,31,131925.87,4,0,1,27252.01,1
1342,Female,34,43,32323.96,2,0,1,112198.65,1
1343,Male,26,17,51098.67,2,0,0,142486.3,1
1344,Female,28,5,189327.59,1,1,1,187705.64,1
1345,Male,32,17,112036.45,1,0,1,131666.83,0
1346,Male,41,18,150145.9,2,1,1,164675.94,1
1347,Male,55,21,111596.15,4,0,0,35070.49,1
1348,Female,52,36,110502.72,3,0,0,89469.11,0
1349,Female,47,31,18830.38,3,0,1,87310.48,1
1350,Male,48,40,68732.64,2,0,1,179531.88,1
1351,Female,66,2,56486.18,1,0,1,47246.81,1
1352,Male,22,27,78145.67,1,0,1,47339.51,0
1353,Male,61,9,159668.84,4,1,1,79140.47,1
1354,Female,67,34,74386.53,3,0,0,29803.89,1
1355,Female,31,28,90339.36,4,0,0,52842.45,0
1356,Male,28,14,79476.28,3,0,0,193737.73,0
1357,Female,26,32,18681.59,2,0,1,97073.11,1
1358,Female,51,6,88214.43,3,1,0,133763.46,1
1359,Male,29,11,39121.85,4,0,0,150700.03,0
1360,Male,52,48,37344.66,4,0,0,86053.05,1
1361,Female,52,29,18807.22,4,0,1,46500.87,0
1362,Male,18,20,71334.19,2,0,1,57184.58,1
1363,Male,57,30,151496.38,3,1,0,76387.97,0
1364,Female,39,23,55288.34,3,0,1,134492.32,1
1365,Male,46,19,62469.82,4,1,0,91690.5,0
1366,Male,25,36,128534.93,3,0,0,21226.65,0
1367,Female,28,3,39168.16,1,1,0,114213.29,0
1368,Female,58,27,179391.59,1,1,0,185872.41,0
1369,Male,54,43,104038.1,1,0,1,166173.97,0
1370,Male,31,19,89520.59,3,0,1,168538.05,1
1371,Female,47,23,111564.04,2,1,1,163110.44,1
1372,Female,52,49,33206.86,2,1,1,78271.55,0
1373,Female,38,48,122694.63,2,0,0,157734.89,1
1374,Female,54,31,72620.15,2,1,1,45769.04,1
1375,Male,22,40,179437.27,1,1,0,138388.91,1
1376,Female,36,35,33770.84,1,1,1,135482.34,1
1377,Female,31,33,101410.22,4,0,1,24602.56,1
1378,Male,43,35,119622.53,3,1,1,161834.62,1
1379,Female,21,1,6676.72,3,1,0,182584.66,0
1380,Male,42,14,72738.62,2,1,0,68134.75,1
1381,Female,62,33,146527.05,1,0,0,166230.33,1
1382,Female,59,35,164075.5,2,0,0,34833.07,1
1383,Female,42,5,62632.4,4,1,1,127994.21,0
1384,Male,35,38,159718.65,3,0,0,107416.44,1
1385,Male,57,41,193551.18,3,1,0,118266.24,1
1386,Female,25,11,171374.79,2,0,1,186716.94,1
1387,Male,56,2,23528.8,4,0,1,176836.74,0
1388,Male,57,44,147946.07,3,1,0,161315.06,1
1389,Male,31,17,63933.37,4,0,1,69265.72,0
1390,Male,49,39,197683.2,4,0,0,184127.35,1
1391,Male,68,20,97071.8,2,0,1,37551.38,0
1392,Male,55,14,24486.78,1,1,0,173599.26,0
1393,Female,50,32,145037.11,2,0,0,79068.81,0
1394,Female,40,34,64602.24,1,0,0,29679.02,1
1395,Male,32,25,199415.63,4,1,0,140484.26,0
1396,Female,50,7,195956.49,1,0,0,61630.39,0
1397,Female,42,35,131226.8,4,0,1,63842.8,0
1398,Female,34,47,25965.29,3,0,0,75088.49,0
1399,Female,50,29,137372.2,3,0,0,31463.26,1
1400,Male,64,22,18606.1,3,0,0,51882.89,1
1401,Female,19,41,5872.83,2,1,0,20925.13,1
1402,Female,31,43,164591.69,2,1,0,100173.71,1
1403,Male,57,13,41950.59,4,0,1,35165.97,0
1404,Male,57,13,75805.43,3,0,1,142877.47,1
1405,Female,68,1,194691.48,2,0,0,62412.11,0
1406,Female,56,36,67368.1,3,1,1,189843.35,1
1407,Female,68,4,59297.96,2,1,0,176825.29,1
1408,Female,23,37,183641.6,1,0,1,72099.36,1
1409,Female,23,44,22149.69,1,0,1,160978.78,0
1410,Female,20,40,151916.48,3,1,0,164584.08,1
1411,Male,24,46,197613.11,4,0,1,197581.36,1
1412,Female,68,13,180259.2,2,1,1,127611.2,1
1413,Female,25,38,130333.58,2,1,0,34753.83,0
1414,Male,59,24,62812.16,1,0,0,136430.7,1
1415,Male,69,19,50864.4,1,1,1,132496.35,1
1416,Male,32,1,163851.02,4,0,1,134903.1,0
1417,Male,64,38,175964.38,4,0,1,75286.22,0
1418,Female,46,5,105086.98,4,0,0,174742.33,1
1419,Female,50,16,48867.99,3,0,1,192704.99,1
1420,Female,69,24,22588.64,1,0,1,59188.25,1
1421,Female,47,27,17435.89,3,0,1,35867.39,0
1422,Female,56,1,143815.49,1,1,0,55016.31,0
1423,Female,44,34,84023.75,1,1,0,167699.39,0
1424,Male,53,36,181071.97,2,1,0,141796.03,1
1425,Female,46,4,147934.26,1,1,0,134488.52,0
1426,Male,55,0,38252.08,1,0,1,92322.76,1
1427,Male,50,39,122755.48,3,1,0,124009.03,0
1428,Female,54,11,87101.09,1,1,1,75417.34,0
1429,Male,44,35,115449.95,3,1,1,105896.01,0
1430,Female,50,44,147613.82,4,0,1,162751.35,1
1431,Male,21,22,161239.18,1,1,1,196623.49,1
1432,Female,39,46,168747.47,1,0,0,187848.01,1
1433,Male,19,30,50794.97,3,1,0,188095.87,1
1434,Female,27,10,6223.12,4,0,0,92400.27,0
1435,Female,22,9,147858.95,2,0,0,104382.18,1
1436,Female,27,2,21268.75,4,1,0,147014.37,0
1437,Female,50,13,62983.92,3,0,1,185994.55,1
1438,Female,55,15,763.43,4,0,0,45558.97,1
1439,Male,30,9,136333.9,3,1,0,74763.54,0
1440,Male,48,28,33426.4,3,1,0,45064.43,0
1441,Male,64,9,131056.48,2,1,0,130161.54,1
1442,Female,53,11,198348.52,1,0,1,75134.18,1
1443,Male,62,29,14534.17,3,0,1,78699.41,0
1444,Female,41,40,15415.6,3,0,1,32764.87,0
1445,Female,69,0,68076.02,2,1,1,82963.29,0
1446,Male,32,4,173277.3,3,0,1,175249.37,0
1447,Male,46,19,43105.97,1,0,0,61953.11,0
1448,Female,25,7,72075.56,2,0,1,145133.74,1
1449,Male,22,42,13701.08,1,0,1,133333.1,1
1450,Female,46,11,152631.06,1,0,1,175427.23,1
1451,Female,64,0,81661.27,2,0,0,43811.83,1
1452,Female,21,19,151849.75,3,0,0,195966.19,0
1453,Female,29,27,180721.57,1,1,1,124873.16,0
1454,Female,62,42,46552.63,1,1,0,199185.35,0
1455,Male,19,36,161479.21,1,1,0,184072.65,1
1456,Male,44,46,11818.78,1,0,1,59873.11,0
1457,Female,48,36,179769.48,2,0,0,30109.16,0
1458,Female,68,11,130153.71,2,1,0,66015.04,1
1459,Male,68,36,174845.34,4,0,0,114961.46,1
1460,Male,53,48,37.68,4,1,1,50887.35,1
1461,Female,53,48,33816.21,1,0,1,50142.75,0
1462,Male,43,43,77951.88,3,0,1,103266.84,0
1463,Female,60,27,75900.58,1,1,0,25988.23,1
1464,Male,44,46,45346.08,3,1,1,41939.85,1
1465,Female,22,14,76322.39,1,1,0,94855.04,0
1466,Male,37,5,25769.74,4,1,0,31363.38,1
1467,Female,28,43,82552.23,4,1,0,91415.91,0
1468,Male,27,19,160470.87,3,0,1,105321.13,1
1469,Male,57,49,95814.01,1,0,1,101227.99,1
1470,Female,55,13,3600.02,3,0,1,176451.47,1
1471,Male,23,1,84288.81,4,1,1,115411.24,0
1472,Female,25,8,5435,1,1,0,104236.48,0
1473,Male,40,36,193248.68,1,1,1,93927.66,1
1474,Female,64,19,25490.79,3,1,0,167172.21,0
1475,Male,43,25,141537.67,2,1,1,181110.19,1
1476,Female,63,28,194555.26,3,1,1,173583.64,1
1477,Male,60,0,165207.81,4,0,1,141238.38,0
1478,Female,29,34,139863.08,4,0,0,44725.11,0
1479,Male,43,5,167892.18,4,0,0,69836.59,0
1480,Female,30,36,196359.74,4,0,0,28291.35,0
1481,Female,57,4,124268.9,4,0,0,187548.33,1
1482,Female,35,32,111836.96,2,1,0,138943.74,0
1483,Male,42,48,125647.62,1,1,1,154345.32,0
1484,Female,50,13,106535.18,3,1,0,76082.91,1
1485,Male,64,11,127017.82,3,1,0,172217.63,1
1486,Female,57,41,89968.44,4,1,0,66728.59,1
1487,Male,60,19,43688.64,3,1,0,20295.88,1
1488,Female,29,49,24049.45,4,0,1,87754.69,0
1489,Male,61,23,13668.19,2,1,0,122737.07,0
1490,Male,53,42,52663.16,2,1,1,106166.87,1
1491,Female,65,33,9224.71,1,1,1,175173.71,1
1492,Male,21,24,113434.16,2,1,1,38972.95,0
1493,Male,22,49,56765.69,2,0,0,119688.22,0
1494,Female,54,28,164906.96,1,0,1,112336.28,0
1495,Male,25,38,14848.17,3,1,0,70650.74,0
1496,Male,59,30,45270.3,4,0,0,168001.06,0
1497,Male,66,46,146049.23,4,0,0,155512.76,1
1498,Female,45,42,119761.66,3,1,0,151914.65,1
1499,Male,48,49,12898.25,1,1,0,177714.65,1
1500,Female,26,22,175447.89,3,1,1,150101.23,1
1501,Male,68,43,175452.35,2,1,1,61731.43,0
1502,Male,46,37,66081.6,1,1,0,147001.29,1
1503,Male,31,19,68081.17,1,0,1,75386.51,0
1504,Female,57,22,197805.67,1,1,0,63591.44,0
1505,Male,58,44,125235.23,4,1,1,33140.65,0
1506,Male,39,15,106263.3,3,1,1,153925.14,0
1507,Female,28,49,167630.44,1,0,1,147980.17,0
1508,Male,40,41,57058.07,1,1,1,62209.91,0
1509,Female,18,7,85836.52,1,1,1,154888.22,0
1510,Female,63,49,53555.34,3,1,0,185211.36,1
1511,Male,54,20,157832.17,4,0,0,39445.21,0
1512,Female,38,0,114669.87,2,1,1,61874.59,1
1513,Male,43,7,131765.01,4,1,0,155046.94,1
1514,Female,63,28,50461.45,1,1,1,69411.2,0
1515,Female,53,31,44045.06,4,0,0,132439.52,0
1516,Male,40,37,97674.93,4,1,1,34609.56,1
1517,Female,18,4,147513.15,2,1,1,101396.45,1
1518,Female,68,46,105047.95,3,1,1,153036.46,1
1519,Female,57,21,6529.14,3,0,0,143572.51,1
1520,Female,32,46,173710.3,4,1,0,166712.98,0
1521,Female,38,33,12937.38,4,1,1,177941.38,0
1522,Male,64,0,191164.9,3,1,1,159173.03,0
1523,Female,26,25,5028.39,3,0,0,140885.79,1
1524,Male,26,42,138890.09,2,0,0,25710.05,0
1525,Female,27,9,16441.41,1,1,0,116294,1
1526,Male,69,29,182135.32,4,0,0,26785.59,0
1527,Male,43,49,92886.65,3,0,0,165452.21,1
1528,Female,58,17,27504.75,4,0,1,77730.41,0
1529,Female,52,16,68163.14,4,1,0,121237.29,0
1530,Female,69,25,32964.94,3,1,1,70300.16,1
1531,Male,42,7,34116.38,2,0,1,160850.03,1
1532,Female,43,46,189621.66,4,0,0,179570.45,1
1533,Male,28,39,89049.22,2,0,0,91755.65,1
1534,Male,55,48,157760.45,3,1,1,175326.03,1
1535,Male,19,11,127921.11,1,1,0,68073.5,0
1536,Female,24,26,135285.27,1,0,1,116238.97,1
1537,Female,35,7,26338.69,4,0,0,174577.06,0
1538,Male,44,24,46836.89,3,0,0,78658.64,0
1539,Male,51,45,157350.07,2,0,0,191727.61,0
1540,Female,44,3,194153.24,4,1,1,41938.31,0
1541,Male,34,32,52535.13,3,0,0,23289.51,0
1542,Female,60,0,54313.75,3,1,1,182744.36,1
1543,Male,61,18,94579.43,2,0,0,32356.76,1
1544,Female,68,30,196768.06,4,0,1,198540.06,0
1545,Male,41,15,53791.79,3,0,0,191251.44,0
1546,Female,42,13,81394.38,3,0,1,44663.76,1
1547,Male,24,47,178296,3,0,1,116765.23,1
1548,Female,69,4,584.21,2,1,1,53285.65,0
1549,Female,23,40,7953.19,4,0,1,97067.93,1
1550,Male,41,25,120814.34,4,0,1,31056.52,1
1551,Male,50,27,181476.03,4,0,1,60306.43,1
1552,Female,66,1,47771.33,4,1,0,85389.1,0
1553,Male,46,49,93928.35,1,1,1,98956.55,1
1554,Female,60,5,90093.06,1,1,1,195949.33,0
1555,Male,39,8,94594.27,4,1,1,165415.82,0
1556,Female,43,32,124503.94,2,0,0,152733.79,0
1557,Female,45,40,93948.75,1,0,0,116667.44,0
1558,Female,67,24,89493.63,3,0,0,171199.6,0
1559,Female,38,47,94857.68,1,1,1,81078.11,1
1560,Female,66,12,118173.49,3,0,0,147601.84,0
1561,Female,24,8,107401.5,4,0,0,198881.12,0
1562,Male,34,12,170827.2,1,1,1,76633.2,0
1563,Male,37,30,9899.37,2,1,1,141323.16,1
1564,Male,58,40,166663.41,1,1,0,171976.68,1
1565,Female,66,10,168784.92,1,0,1,184845.37,1
1566,Female,37,3,56981.6,1,0,1,149227.88,1
1567,Female,39,33,92570.39,4,1,1,71049.43,1
1568,Female,45,37,87707.7,2,0,1,78730.79,1
1569,Male,57,45,43701.97,1,1,0,23736.45,1
1570,Male,66,3,79359.37,2,1,1,156959.48,0
1571,Female,24,37,8877.55,4,0,0,27693.13,0
1572,Male,18,18,55564.41,3,1,0,175637.42,1
1573,Male,49,5,163336.44,1,1,0,41358.91,0
1574,Female,30,33,56912.46,2,1,0,50937.77,0
1575,Male,47,17,163641.33,2,0,1,105774.76,1
1576,Female,40,12,106319.89,4,1,1,152818.47,0
1577,Male,68,40,175972.54,1,1,1,45020.4,0
1578,Female,36,22,114955.91,3,1,0,99212.79,1
1579,Female,49,18,5933.64,2,1,0,106913.23,0
1580,Female,47,44,135084.04,1,1,0,58211.42,1
1581,Female,46,10,8970.71,3,1,1,40800.51,1
1582,Male,66,0,90119.4,2,1,0,170555.77,0
1583,Female,62,23,185885.34,2,0,1,110443.82,0
1584,Female,46,6,33040.79,3,0,1,22588.62,0
1585,Female,47,24,77974.47,3,1,1,164536.63,1
1586,Male,33,20,145972.06,4,0,1,196542.88,1
1587,Female,57,14,176451.71,1,0,0,129066.72,1
1588,Male,36,0,134188.6,1,1,1,110667.51,0
1589,Female,35,11,51634.65,4,0,0,178114.86,0
1590,Male,18,6,134921.57,2,1,1,191453.02,1
1591,Male,31,14,59345.53,3,1,0,155816.64,0
1592,Female,68,20,143685.85,3,1,0,100181.53,0
1593,Male,64,18,190806.63,3,1,1,126599.85,1
1594,Female,67,28,144278.69,2,1,1,146168.37,1
1595,Female,19,24,172576.1,3,0,1,54969.24,0
1596,Female,45,32,420.77,3,1,0,100496.19,1
1597,Male,66,48,143514.42,4,0,1,169367.83,0
1598,Male,67,31,165917.51,2,1,1,137850.56,1
1599,Female,47,48,8111.75,1,1,0,94016.73,1
1600,Female,55,34,174319.55,4,1,1,139405.26,1
1601,Male,68,43,51338.85,4,0,0,41280.03,0
1602,Female,21,37,133058.42,1,1,1,92269.57,0
1603,Female,18,25,160070.98,4,1,0,162763.14,1
1604,Female,25,10,132532.9,2,1,0,59691.58,1
1605,Male,46,34,18456.96,3,1,1,53473.07,1
1606,Male,56,7,119264.3,2,0,0,191147.36,0
1607,Male,20,45,109916.73,1,1,1,57781.57,1
1608,Female,49,13,180064.25,1,0,1,66965.34,1
1609,Female,27,9,80847.95,4,1,0,194530.87,1
1610,Female,27,1,64216.22,2,0,1,152247.54,1
1611,Male,36,45,149970.15,2,0,0,145927.38,0
1612,Female,63,8,82535.07,1,1,0,173526.75,0
1613,Female,51,2,129219.24,2,1,0,40848.15,1
1614,Female,50,20,129290.02,1,0,0,147072.12,0
1615,Female,40,25,177607.81,2,1,0,110663.95,0
1616,Male,45,7,119738.48,2,1,0,169247.12,0
1617,Male,49,47,100430.72,2,1,0,111465.51,1
1618,Female,67,1,27774.27,1,0,0,131643.44,0
1619,Male,24,5,23147.52,4,1,1,105993.58,0
1620,Male,46,27,30864.31,2,1,1,106068.61,0
1621,Female,25,28,34369.7,1,1,0,158234.6,1
1622,Female,18,25,127575.42,1,0,1,133141.95,1
1623,Male,20,24,148196.25,2,1,1,133987.38,0
1624,Female,41,11,105998.3,2,0,1,101050.85,0
1625,Male,40,4,165803.55,4,1,1,115599.71,1
1626,Female,25,33,198252.65,1,0,1,154229.18,1
1627,Male,64,47,164002.53,1,1,1,168669.37,0
1628,Female,54,36,138976.47,3,1,0,145381.05,0
1629,Male,20,14,106498.54,1,0,1,186333.14,1
1630,Male,68,43,89770.61,4,0,1,167658.34,1
1631,Male,50,35,16878.48,3,0,1,121135.48,0
1632,Female,45,14,79873.75,3,1,1,140853.09,1
1633,Male,64,42,182026.93,3,1,0,186735.49,0
1634,Male,25,47,161604.53,2,1,0,131450.25,0
1635,Female,51,22,43210.27,2,1,0,168465.25,0
1636,Female,52,5,93321.56,1,0,0,143985.89,1
1637,Male,49,45,163344.64,3,1,1,119348.54,0
1638,Male,41,49,13476.91,4,1,0,63530.88,0
1639,Female,31,43,77478.52,2,1,0,96679.55,1
1640,Female,49,42,170368.25,4,1,0,194193.71,1
1641,Female,63,44,80779.57,4,1,0,138397.77,0
1642,Female,60,20,15522.93,2,1,1,121591.17,0
1643,Female,33,22,108506.87,2,1,0,187932.19,1
1644,Male,21,42,172348.5,2,0,1,125572.12,1
1645,Female,69,15,118057.11,2,1,0,114694.85,1
1646,Male,54,46,45255.82,3,1,1,156675.95,0
1647,Male,38,14,76847.92,3,1,1,148279.81,0
1648,Male,31,24,90024.67,3,1,0,54768.8,0
1649,Female,48,35,115853.27,3,0,0,104835.49,1
1650,Male,65,10,151870.21,1,0,0,105052.78,0
1651,Male,35,14,19774.72,3,0,0,88080.41,1
1652,Female,24,3,177930.41,2,0,1,113112.83,0
1653,Male,27,20,2461.94,4,0,1,94359.33,1
1654,Male,24,12,74010.47,3,0,0,55882.19,0
1655,Female,50,21,5484.06,1,1,0,94225.97,0
1656,Male,40,18,78594.85,2,0,1,33009.85,1
1657,Male,38,33,105162.52,4,0,0,123641.46,1
1658,Male,36,13,102336.28,4,1,1,173657.82,0
1659,Female,65,3,33125.67,3,0,0,150551.68,1
1660,Female,36,47,129148.1,4,1,1,84870.93,1
1661,Female,53,45,8955.69,3,1,1,35672.82,0
1662,Male,46,26,152381.36,3,0,1,56386.89,1
1663,Male,35,28,189328.89,2,1,1,118188.26,0
1664,Female,19,46,67953.77,2,0,1,57270.28,0
1665,Male,18,27,103447.88,1,0,0,117915.16,1
1666,Male,64,34,75782.06,2,1,1,61687.82,1
1667,Female,22,7,1342.08,2,1,0,172806.3,0
1668,Female,37,15,77174.9,3,0,1,91508.87,0
1669,Male,28,41,158344.05,2,1,1,64199.11,0
1670,Male,59,35,119197.77,3,1,0,166218.71,0
1671,Male,19,29,20251.98,3,0,0,81711.01,0
1672,Female,20,17,169427.9,2,0,0,40067.78,0
1673,Female,40,1,106217.07,1,1,0,122673.71,1
1674,Female,29,48,168344.67,1,0,1,124681.56,1
1675,Female,37,12,116044.3,4,0,0,148645.22,1
1676,Male,22,3,111937.69,4,0,1,63239.5,0
1677,Female,54,25,21051.84,2,0,0,99878.84,1
1678,Female,55,24,33471.95,1,0,0,70826.23,0
1679,Female,47,29,194405.05,3,0,1,34571.67,0
1680,Female,26,10,45697.35,4,0,1,177790.49,1
1681,Female,51,6,195490.42,3,1,0,151196.56,0
1682,Male,61,30,106382.54,4,0,1,74263.35,0
1683,Male,52,43,27157.81,2,1,1,127887.14,0
1684,Female,69,9,19860.44,1,1,1,56227.48,0
1685,Male,39,38,41772.81,4,1,1,180242.59,0
1686,Female,61,12,185127.47,1,0,1,40683.14,0
1687,Female,41,30,82830.04,3,0,1,20690.69,1
1688,Male,34,6,79086.85,2,1,1,110361.48,0
1689,Male,27,48,62641.25,1,0,1,124963.01,0
1690,Female,47,41,29412.37,2,1,0,124213.76,0
1691,Female,63,41,97570.24,1,0,1,29812.15,0
1692,Female,40,35,26009.56,3,0,0,76527.89,1
1693,Male,49,19,167096.05,3,1,1,109855.81,1
1694,Female,34,3,74079.4,2,1,1,58984.25,0
1695,Female,67,6,74960.71,3,1,1,177072.66,0
1696,Female,68,0,94801.29,4,0,1,35679.67,0
1697,Male,34,43,88825.54,1,1,0,107729.2,1
1698,Female,31,44,198971.59,3,0,0,144454.89,1
1699,Female,26,41,109076.22,4,0,1,67115.2,1
1700,Male,57,46,17640.34,2,0,0,132363.33,1
1701,Female,19,12,121375.47,4,1,1,169289.33,0
1702,Female,62,21,30316.86,2,1,1,54260.66,1
1703,Male,42,20,6187.53,2,1,0,185099.71,1
1704,Female,56,21,194148.43,1,0,0,119640.54,0
1705,Male,26,27,154707.78,1,0,1,73861.76,0
1706,Male,39,8,196021.8,4,1,1,97554.49,1
1707,Female,60,25,95575.69,1,0,0,76194.54,1
1708,Female,63,8,106451.51,1,0,1,150520.01,1
1709,Female,21,14,33667.39,1,1,0,163334.12,1
1710,Female,43,9,49381.49,4,1,1,169928.73,0
1711,Male,46,23,167709.84,3,1,1,197438.28,0
1712,Female,62,41,71237.13,1,0,0,162431.17,1
1713,Male,51,7,165362.99,1,0,0,128249.13,1
1714,Female,40,23,141802.74,4,0,0,81059.65,1
1715,Female,54,15,35434.19,3,0,1,118027.18,1
1716,Female,28,48,101489.27,1,0,1,27392.27,1
1717,Male,23,25,135477.46,2,1,1,154068.51,0
1718,Female,35,26,47007.44,4,0,1,100272,0
1719,Female,38,36,166137.7,1,0,0,23604.18,0
1720,Female,59,3,108965.53,1,0,1,31251.25,1
1721,Female,53,49,33048.41,2,1,1,89743.96,1
1722,Male,58,23,116596.89,2,1,1,125015.87,0
1723,Female,55,18,199942.76,4,1,0,103556.71,0
1724,Male,51,35,30104.3,4,0,1,131456.78,1
1725,Male,34,38,163351.39,2,1,1,106452.97,0
1726,Male,54,9,41461.8,4,1,0,139106.69,1
1727,Male,42,24,156477.67,2,1,1,59442.69,1
1728,Male,55,17,146915.58,1,0,1,40311.77,0
1729,Male,29,18,60097.88,2,1,0,127358.11,0
1730,Female,40,35,65164.62,2,0,1,107244.11,0
1731,Male,59,9,158504.28,3,0,1,24836.18,1
1732,Male,39,32,92289.1,2,1,1,88486.74,1
1733,Male,38,49,146163.61,2,0,0,39102.61,0
1734,Female,44,4,29596.83,3,1,1,115644.23,1
1735,Female,48,46,170511.56,4,0,1,91239.98,1
1736,Male,23,48,142176.94,3,1,0,130367.34,1
1737,Female,44,34,181388.56,1,1,0,165008.4,0
1738,Male,57,43,26474.48,3,1,1,73940.36,1
1739,Male,51,33,118602.9,1,0,1,193178.38,0
1740,Female,29,32,119824.12,4,1,1,116414.21,0
1741,Male,62,20,70692.15,3,0,1,131292.34,1
1742,Female,24,16,91693.28,3,1,0,142521.03,0
1743,Female,27,21,7596.31,4,0,1,140011.68,1
1744,Male,62,47,149172.01,1,0,0,111974.73,0
1745,Male,34,36,109864.5,3,1,0,97177.57,0
1746,Female,43,14,11548.21,1,1,1,29680.75,1
1747,Male,38,34,136151.18,3,1,1,23975.45,0
1748,Male,45,27,93356.42,2,1,0,84433.02,0
1749,Male,63,6,6892.25,3,1,0,80058.96,0
1750,Female,19,31,193921.55,4,0,1,89785.13,1
1751,Female,60,10,189822.43,4,1,0,44906.28,1
1752,Male,18,9,102580.48,1,1,1,152870.29,0
1753,Female,68,8,18734.48,3,0,1,174253.59,0
1754,Female,53,13,150924.24,1,1,0,188968.63,0
1755,Female,68,12,98386.22,1,1,0,108625.21,1
1756,Female,43,24,60489.5,2,0,1,146155.83,1
1757,Female,46,1,98283.64,2,1,0,173999.2,0
1758,Male,38,34,104488.83,4,1,1,95292.4,1
1759,Male,28,6,112542.34,1,1,1,75694.3,1
1760,Male,57,20,88244.74,4,0,1,188610.42,1
1761,Female,28,17,121151.06,3,1,0,112821.78,1
1762,Female,53,2,183746.94,1,0,1,109505.7,0
1763,Male,66,41,72453.62,1,1,1,52114.9,1
1764,Female,56,38,145143.29,3,0,1,39467.9,1
1765,Male,57,40,178890.51,3,1,1,171579.24,0
1766,Male,52,48,91195.86,4,0,1,130543.97,0
1767,Male,51,10,88691.17,4,0,1,78648.43,1
1768,Female,64,38,120423.4,3,0,1,54512.52,1
1769,Female,41,23,118281.35,4,0,1,119989.51,0
1770,Male,39,45,161317.87,3,0,1,125105.47,0
1771,Male,22,18,95296.68,1,0,1,57258.85,0
1772,Male,50,3,199224.59,1,1,1,173253.03,1
1773,Male,53,25,11894.31,2,1,0,35167.59,1
1774,Female,64,37,633.57,1,0,1,84096.76,0
1775,Female,37,41,128039.66,3,0,1,142469.19,1
1776,Male,36,31,59686.98,4,0,1,69341.67,0
1777,Male,52,38,48076.48,2,0,0,168981.54,1
1778,Female,69,44,62379.82,4,1,1,153176.21,0
1779,Female,60,45,51209.51,3,0,0,162024.11,0
1780,Male,34,35,6158.01,1,1,1,41439.18,1
1781,Male,62,39,194306.61,2,1,1,45298.48,1
1782,Male,60,36,44149.1,3,0,0,71565.27,1
1783,Female,51,32,146805.95,2,0,1,113253.89,1
1784,Female,26,35,152519.28,2,1,0,154642.89,1
1785,Female,43,2,185851.48,1,1,0,170575.56,1
1786,Male,19,8,6109.89,3,0,1,146780.36,0
1787,Male,26,7,174409.67,4,0,1,187147.44,1
1788,Female,26,32,105445.24,2,0,1,152973.83,0
1789,Female,57,5,126508.82,2,1,1,75128.22,0
1790,Male,34,40,128894.06,4,1,0,67714.63,1
1791,Female,18,38,163959.56,3,0,0,145314.64,0
1792,Female,42,3,66681.46,2,1,1,54716.7,0
1793,Male,60,12,146610.24,2,1,0,36688.67,1
1794,Female,57,48,105715.62,2,0,0,115800.12,1
1795,Male,59,1,158678.8,3,0,1,167895.48,1
1796,Male,42,4,198109.21,3,1,0,38248.37,0
1797,Male,56,43,40130.2,4,1,0,162540.44,1
1798,Male,52,26,198929.73,3,0,1,166082.96,1
1799,Male,20,31,17962.43,3,0,0,106809.32,1
1800,Male,67,20,463.51,1,0,1,30315.86,1
1801,Male,54,7,8832.39,4,0,0,51426.17,0
1802,Female,61,37,68356.48,2,0,1,147336.73,1
1803,Male,61,7,126581.27,3,1,0,148120.03,0
1804,Male,68,49,13805.91,2,1,0,181703.95,1
1805,Female,47,2,1133.16,2,1,1,124883.51,0
1806,Female,55,43,187418.21,1,1,1,42339.33,0
1807,Female,51,2,164385.33,3,0,1,41854.68,0
1808,Male,29,21,161836.63,4,0,1,149803.82,1
1809,Female,36,5,176884.86,3,0,0,53081.24,0
1810,Male,54,1,140006.85,2,1,0,79109.39,1
1811,Male,61,22,20880.83,4,1,0,107698.16,1
1812,Male,66,43,79820.04,3,1,1,24457.68,1
1813,Male,34,1,144629.9,2,0,0,64787.42,1
1814,Female,27,37,56066.89,2,1,0,93420.13,1
1815,Female,66,16,137481.27,1,0,1,70334.54,0
1816,Male,64,34,4899.69,1,0,1,44546.66,1
1817,Male,29,33,61227.47,1,0,0,151042.21,0
1818,Male,33,22,109826.07,2,0,1,166366.58,0
1819,Female,41,29,126417.97,3,0,0,66346.22,0
1820,Male,36,7,115408.13,1,0,0,159395.51,0
1821,Male,25,21,139551.26,3,1,1,89399.64,0
1822,Female,48,43,1217.75,1,0,0,111203.44,0
1823,Female,38,35,20188.24,4,0,1,174080.19,0
1824,Male,34,4,173788.85,4,1,1,154991.66,1
1825,Female,40,12,136349.73,1,0,0,164921.03,0
1826,Female,54,28,22586.33,2,1,0,44632.13,1
1827,Male,33,30,168414.89,1,1,0,32549.5,0
1828,Female,23,46,48446.24,1,1,1,180812.85,0
1829,Male,25,15,95651.98,2,0,0,89810.17,0
1830,Female,42,41,29039.3,4,0,1,71818.34,0
1831,Male,35,29,142022.01,3,1,1,150445.33,1
1832,Male,42,15,133370.88,1,0,0,170554.81,1
1833,Male,29,11,42222.49,2,0,1,175248.13,1
1834,Female,32,16,172680.15,1,1,0,76879.49,0
1835,Male,43,15,80261.2,2,1,0,173398.23,0
1836,Female,58,11,58503.02,3,0,0,27368.11,0
1837,Male,62,7,30465.92,3,1,0,28939.07,1
1838,Male,43,19,53233.6,4,1,0,132233.46,0
1839,Female,64,2,4405.38,2,1,0,31359.15,1
1840,Male,49,15,116651.5,2,0,0,78429.65,1
1841,Male,27,29,168446.15,4,0,1,141096.08,0
1842,Female,33,44,109796.09,4,0,0,80708.04,0
1843,Male,24,22,43854.79,2,1,1,52327.96,1
1844,Male,34,27,6733.84,4,0,1,70643.11,1
1845,Male,40,39,42925.61,3,1,1,102363.56,1
1846,Male,43,4,83224.29,1,0,0,105569.45,0
1847,Female,38,19,151922.29,3,0,1,160940.04,0
1848,Female,39,39,37568.57,4,1,1,155027.58,0
1849,Male,24,43,143958.29,2,0,0,102227.2,0
1850,Female,31,0,173386.69,2,1,0,172220.12,0
1851,Male,32,29,90789.37,3,0,1,40562.68,0
1852,Female,24,20,164286.4,2,0,0,65963.6,1
1853,Male,26,19,110931.47,4,1,0,169035.76,1
1854,Male,68,5,127418.17,3,1,0,88038.93,1
1855,Male,65,21,105255.69,2,1,0,196612.68,0
1856,Male,25,17,92634.54,1,0,1,103925.59,1
1857,Male,67,7,46930.69,1,0,0,162548.41,0
1858,Male,40,38,60638.81,4,0,0,92415.27,0
1859,Female,46,31,57994.02,2,1,0,96491.63,1
1860,Male,35,32,112657.79,4,1,1,88918.97,0
1861,Female,48,15,23990.74,3,1,1,149433.61,1
1862,Male,47,11,183358.34,1,0,0,118553.22,1
1863,Female,69,37,144131.03,3,0,0,189880.06,0
1864,Female,56,33,80289.13,2,1,1,65160.26,1
1865,Female,52,13,31724.83,4,0,0,38101.29,1
1866,Male,35,35,176398.43,4,1,0,90787.07,1
1867,Male,59,32,164755.62,4,0,1,131008.29,1
1868,Female,56,22,144344.31,3,0,0,174943.81,0
1869,Male,34,49,54309.41,1,1,0,82315.44,1
1870,Female,31,44,80489.33,3,0,1,137681.62,1
1871,Male,48,1,20549.65,3,0,1,83035.76,1
1872,Female,41,40,37807.9,2,1,0,131099.52,0
1873,Female,52,20,156603.33,2,1,1,179265.43,1
1874,Male,61,1,143007.74,2,0,0,61644.38,0
1875,Female,62,26,118697.15,1,1,0,92763.5,1
1876,Male,51,8,179145.35,1,0,0,198787.74,1
1877,Female,20,0,116653.3,2,1,1,176340.27,1
1878,Female,54,10,93393.6,2,0,1,121635.17,0
1879,Male,60,2,68074.15,1,0,0,112992.97,0
1880,Male,57,22,188089.7,4,1,0,71228.07,0
1881,Male,43,25,16543.09,1,0,1,113097.7,0
1882,Female,40,3,186177.47,1,0,1,172672.67,0
1883,Male,61,17,165342.93,1,1,1,143331.41,0
1884,Female,56,5,25985.98,2,1,0,72207.93,1
1885,Female,32,34,112996.87,4,0,1,56263.51,0
1886,Male,66,21,173309.6,1,1,1,67737.54,1
1887,Male,21,42,114361.83,2,1,0,50556.66,0
1888,Female,46,14,181439.96,3,0,0,37215.33,0
1889,Female,39,21,188596.76,3,0,0,95444.51,0
1890,Male,42,36,84476.9,1,1,1,40393.93,1
1891,Male,30,41,75462.73,3,1,0,50944.26,0
1892,Male,35,11,187264.23,4,1,0,118518.44,0
1893,Male,50,46,135028.01,3,0,0,49627.87,1
1894,Male,33,48,23204.54,3,0,0,31498.36,1
1895,Female,62,41,8458.35,4,0,1,77129.99,1
1896,Female,59,37,112925.81,1,0,0,59657.44,1
1897,Female,61,17,186034.19,1,0,1,112754.93,0
1898,Female,19,44,168849.74,4,0,1,38426.08,1
1899,Male,52,34,135169.55,4,0,1,155318.74,0
1900,Male,59,29,27823.17,4,1,0,183122.03,0
1901,Male,51,23,50846.28,3,1,1,153818.33,1
1902,Female,47,41,175102.25,4,0,0,115908.87,0
1903,Female,30,29,36561.45,2,0,0,174920.21,1
1904,Male,30,13,55687.88,3,0,0,145085.31,0
1905,Male,35,5,25920.13,1,1,1,21899.2,1
1906,Female,49,2,135221.65,1,0,0,90936.23,1
1907,Female,49,15,188796.46,1,1,0,173171.34,1
1908,Male,52,6,53793.61,3,1,0,82254.59,1
1909,Male,56,13,95081.32,2,1,1,26338.73,1
1910,Female,63,8,126867.95,4,1,1,154312.33,1
1911,Male,69,14,199893.25,4,1,1,164366.89,0
1912,Male,46,20,20961.61,1,0,0,48906.87,0
1913,Male,66,34,99714.16,1,0,1,116721.29,0
1914,Female,46,1,77024.02,3,1,0,54551.98,1
1915,Female,61,26,173164.03,2,0,0,149462.2,0
1916,Female,33,1,95193.55,4,1,1,68879.08,1
1917,Female,61,34,22195.5,3,1,0,76918.72,0
1918,Female,64,17,126884.83,4,0,1,172094.75,0
1919,Female,27,13,154156.12,1,0,0,105738.02,1
1920,Female,47,19,576.25,4,0,1,140555.8,0
1921,Male,42,17,171791.34,2,0,0,92427.15,0
1922,Male,56,9,37204.6,2,0,0,73641.23,0
1923,Male,37,24,110413.87,1,1,0,132586.05,1
1924,Male,22,1,83159.5,2,0,0,47874.36,0
1925,Male,18,24,143930.76,2,0,0,87139.97,1
1926,Male,47,32,74232.32,3,0,1,57626.67,0
1927,Male,66,35,173952.64,4,1,0,145243.09,0
1928,Female,20,30,146099.27,1,0,1,189957.59,0
1929,Female,62,13,129542.63,1,1,1,199191.97,0
1930,Male,31,0,159248.12,1,0,1,101049.83,1
1931,Male,47,45,150804.61,1,0,0,65455.47,0
1932,Female,67,15,7187.73,1,1,0,99709.29,1
1933,Male,21,45,78946.87,2,0,0,172508.49,1
1934,Male,35,2,186161.46,3,0,1,57081.02,0
1935,Female,54,34,25144.85,1,1,0,191377.22,0
1936,Male,42,40,147419.31,3,0,0,81535.84,1
1937,Female,65,5,194918.36,3,1,1,197444.66,1
1938,Male,18,24,10439.73,2,1,1,170949.6,0
1939,Female,63,12,136438.78,1,1,1,165542.7,0
1940,Female,32,33,93630.83,2,1,1,77222.84,0
1941,Female,26,7,115835.05,1,1,1,21579.9,0
1942,Male,32,20,17068.27,2,0,1,88783.92,0
1943,Female,66,33,8601.39,3,0,0,74325.69,1
1944,Male,41,3,133373.33,1,0,1,26731.46,0
1945,Male,21,24,164661.89,4,1,0,110965.75,0
1946,Male,29,14,156403.07,3,1,0,92545.64,1
1947,Male,54,3,108761.15,4,1,0,134220.16,0
1948,Female,54,44,19973.36,3,1,1,131813.54,0
1949,Female,60,11,137608.89,2,0,0,41734.39,1
1950,Male,23,31,48377.78,1,0,1,195853.8,0
1951,Male,56,31,182213.74,3,1,1,53647.66,1
1952,Female,63,27,167653.07,2,1,0,100149.32,0
1953,Male,41,12,141876.59,1,0,1,107861.16,0
1954,Female,28,30,189769.19,1,1,0,166351.3,0
1955,Male,30,13,6284.36,3,1,0,37861.33,1
1956,Male,51,19,147240.09,1,1,1,97155.97,1
1957,Female,42,17,66048.56,3,0,0,133130.39,1
1958,Male,24,28,181213.18,1,0,0,58728.01,1
1959,Female,69,5,53335.04,4,1,0,132944.22,0
1960,Male,21,31,144971.3,2,0,1,186259.67,1
1961,Male,25,28,175529.4,4,1,0,199553.26,1
1962,Male,37,42,8331.36,3,1,1,25841.19,1
1963,Female,46,1,79529.52,4,0,1,62405.88,0
1964,Male,68,22,152461.81,3,1,0,75855.28,0
1965,Male,62,18,90983.78,1,1,0,91842.7,1
1966,Male,63,30,53450.53,1,0,1,63606.29,1
1967,Male,27,4,43961.07,3,1,1,56627.84,0
1968,Female,60,18,26303.65,4,1,0,191819.69,1
1969,Female,51,33,171425.91,1,1,0,185333.89,1
1970,Male,43,9,115071.08,2,0,1,28458.65,1
1971,Female,58,24,15276.99,1,1,1,80986.34,1
1972,Male,66,1,76516.06,2,0,1,92926.74,0
1973,Male,20,10,73546.73,4,1,1,63022.62,0
1974,Male,23,49,36347.84,2,1,1,133197.12,0
1975,Female,22,30,87101.53,2,1,0,135268.53,1
1976,Female,22,14,66419.87,2,1,1,173090.76,1
1977,Female,64,8,68360.74,2,0,1,153356.47,0
1978,Female,40,22,147805.31,1,0,0,117663.2,0
1979,Female,66,18,44652.68,2,1,0,137645.62,0
1980,Female,26,8,128371.99,1,1,1,69317.98,1
1981,Female,52,34,114129.92,2,1,1,126750.11,0
1982,Female,37,20,113618.5,3,1,0,108060.91,1
1983,Female,66,8,132601.47,4,1,1,44002,1
1984,Male,59,27,109676.41,2,1,1,63657.97,0
1985,Female,52,45,175851.02,3,1,0,72504.82,0
1986,Female,67,6,135116.02,2,1,1,186375.72,1
1987,Female,35,15,109392.65,2,0,0,61469.6,0
1988,Female,34,15,165952.62,2,0,0,72063.9,0
1989,Female,41,32,121229.31,3,0,0,86483.74,1
1990,Female,20,3,58228.85,4,1,0,139473.69,1
1991,Female,49,3,41418.98,3,1,1,41282.91,1
1992,Female,52,38,30465.56,4,1,0,191710.14,1
1993,Female,55,39,179891.04,2,0,1,175802.82,1
1994,Female,30,16,142027.09,1,1,1,123898.89,0
1995,Female,64,36,187475.69,2,0,1,141326.82,1
1996,Male,42,38,120658.36,4,1,1,22998.88,1
1997,Male,26,28,94680.18,3,0,1,81010.06,1
1998,Female,21,35,11943.3,2,0,0,163218.84,0
1999,Female,31,37,134328.46,3,0,0,33946.94,1
2000,Male,54,38,116441.75,3,1,0,70816.49,1
2001,Male,20,23,192069.62,3,1,0,70816.49,1
2002,Male,30,23,244318.845,3,1,0,70816.49,1
2003,Male,40,23,296568.07,3,1,0,70816.49,1
2004,Male,10,23,296568.07,3,1,0,70816.49,1
2005,Male,100,23,296568.07,3,1,0,70816.49,1
2006,Male,100,23,296568.07,3,1,0,70816.49,1
2007,Male,10,23,296568.07,3,1,0,70816.49,1
2008,Male,24,23,296568.07,3,1,0,70816.49,1
2009,Male,24,23,296568.07,3,1,0,70816.49,1
2010,Male,24,23,296568.07,3,1,0,70816.49,1
2011,Male,24,23,296568.07,3,1,0,70816.49,1
2012,Male,24,23,296568.07,3,1,0,70816.49,1
2013,Male,24,23,296568.07,3,1,0,70816.49,1
2014,Male,24,23,296568.07,3,1,0,70816.49,1
2015,Male,24,23,296568.07,3,1,0,70816.49,1
2016,Male,24,23,296568.07,3,1,0,70816.49,1
2017,Male,24,23,296568.07,3,1,0,70816.49,1
2018,Male,24,23,296568.07,3,1,0,70816.49,1
2019,Male,24,23,296568.07,3,1,0,70816.49,1
2020,Male,24,23,296568.07,3,1,0,70816.49,1
2021,Male,24,23,296568.07,3,1,0,70816.49,1
2022,Male,24,23,296568.07,3,1,0,70816.49,1
2023,Male,24,23,296568.07,3,1,0,70816.49,1
2024,Male,24,23,296568.07,3,1,0,70816.49,1
2025,Male,24,23,296568.07,3,1,0,70816.49,1
2026,Male,24,23,296568.07,3,1,0,70816.49,1
2027,Male,24,23,296568.07,3,1,0,70816.49,1
2028,Male,24,23,296568.07,3,1,0,70816.49,1
2029,Male,24,23,296568.07,3,1,0,70816.49,1
2030,Male,24,23,296568.07,3,1,0,70816.49,1
2031,Male,24,23,296568.07,3,1,0,70816.49,1
2032,Male,24,23,296568.07,3,1,0,70816.49,1
2033,Male,24,23,296568.07,3,1,0,70816.49,1
2034,Male,24,23,296568.07,3,1,0,70816.49,1
2035,Male,24,23,296568.07,3,1,0,70816.49,1
2036,Male,24,23,296568.07,3,1,0,70816.49,1
2037,Male,24,23,296568.07,3,1,0,70816.49,1
2038,Male,24,23,296568.07,3,1,0,70816.49,1
2039,Male,24,23,296568.07,3,1,0,70816.49,1
2040,Male,24,23,296568.07,3,1,0,70816.49,1
2041,Male,24,23,296568.07,3,1,0,70816.49,1
2042,Male,24,23,296568.07,3,1,0,70816.49,1
2043,Male,24,23,296568.07,3,1,0,70816.49,1
2044,Male,24,23,296568.07,3,1,0,70816.49,1
2045,Male,24,23,296568.07,3,1,0,70816.49,1
2046,Male,24,23,296568.07,3,1,0,70816.49,1
2047,Male,24,23,296568.07,3,1,0,70816.49,1
2048,Male,24,23,296568.07,3,1,0,70816.49,1
2049,Male,24,23,296568.07,3,1,0,70816.49,1
2050,Male,24,23,296568.07,3,1,0,70816.49,1
2051,Male,24,23,296568.07,3,1,0,70816.49,1
2052,Male,24,23,296568.07,3,1,0,70816.49,1
2053,Male,24,23,296568.07,3,1,0,70816.49,1
2054,Male,24,23,296568.07,3,1,0,70816.49,1
2055,Male,24,23,296568.07,3,1,0,70816.49,1
2056,Male,24,23,296568.07,3,1,0,70816.49,1
2057,Male,24,23,296568.07,3,1,0,70816.49,1
2058,Male,24,23,296568.07,3,1,0,70816.49,1
2059,Male,24,23,296568.07,3,1,0,70816.49,1
2060,Male,24,23,296568.07,3,1,0,70816.49,1
2061,Male,24,23,296568.07,3,1,0,70816.49,1
2062,Male,24,23,296568.07,3,1,0,70816.49,1
2063,Male,24,23,296568.07,3,1,0,70816.49,1
2064,Male,24,23,296568.07,3,1,0,70816.49,1
2065,Male,24,23,296568.07,3,1,0,70816.49,1
2066,Male,24,23,296568.07,3,1,0,70816.49,1
2067,Male,24,23,296568.07,3,1,0,70816.49,1
2068,Male,24,23,296568.07,3,1,0,70816.49,1
2069,Male,24,23,296568.07,3,1,0,70816.49,1
2070,Male,24,23,296568.07,3,1,0,70816.49,1
2071,Male,24,23,296568.07,3,1,0,70816.49,1
2072,Male,24,23,296568.07,3,1,0,70816.49,1
2073,Male,24,23,296568.07,3,1,0,70816.49,1
2074,Male,24,23,296568.07,3,1,0,70816.49,1
2075,Male,24,23,296568.07,3,1,0,70816.49,1
2076,Male,24,23,296568.07,3,1,0,70816.49,1
2077,Male,24,23,296568.07,3,1,0,70816.49,1
2078,Male,24,23,296568.07,3,1,0,70816.49,1
2079,Male,24,23,296568.07,3,1,0,70816.49,1
2080,Male,24,23,296568.07,3,1,0,70816.49,1
2081,Male,24,23,296568.07,3,1,0,70816.49,1
2082,Female,26,10,158418.7,1,1,1,151829.9,0
2083,Female,26,10,158418.7,1,1,1,151829.9,0
2084,Female,26,10,158418.7,1,1,1,151829.9,0
2085,Female,26,10,158418.7,1,1,1,151829.9,0
2086,Female,26,10,158418.7,1,1,1,151829.9,0
2087,Female,26,10,158418.7,1,1,1,151829.9,0
2088,Female,26,10,158418.7,1,1,1,151829.9,0
2089,Female,26,10,158418.7,1,1,1,151829.9,0
2090,Female,26,10,158418.7,1,1,1,151829.9,0
2091,Female,26,10,158418.7,1,1,1,151829.9,0
2092,Female,26,10,158418.7,1,1,1,151829.9,0
2093,Female,26,10,158418.7,1,1,1,151829.9,0
2094,Female,26,10,158418.7,1,1,1,151829.9,0
2095,Female,26,10,158418.7,1,1,1,151829.9,0
2096,Female,26,10,158418.7,1,1,1,151829.9,0
2097,Female,26,10,158418.7,1,1,1,151829.9,0
2098,Female,26,10,158418.7,1,1,1,151829.9,0
2099,Female,26,10,158418.7,1,1,1,151829.9,0
2100,Female,26,10,158418.7,1,1,1,151829.9,0
2101,Female,26,10,158418.7,1,1,1,151829.9,0
2102,Female,26,10,158418.7,1,1,1,151829.9,0
2103,Female,26,10,158418.7,1,1,1,151829.9,0
2104,Female,26,10,158418.7,1,1,1,151829.9,0
2105,Female,26,10,158418.7,1,1,1,151829.9,0
2106,Female,26,10,158418.7,1,1,1,151829.9,0
2107,Female,26,10,158418.7,1,1,1,151829.9,0
2108,Female,26,10,158418.7,1,1,1,151829.9,0
2109,Female,26,10,158418.7,1,1,1,151829.9,0
2110,Female,26,10,158418.7,1,1,1,151829.9,0
2111,Female,26,10,158418.7,1,1,1,151829.9,0
2112,Female,26,10,158418.7,1,1,1,151829.9,0
2113,Female,26,10,158418.7,1,1,1,151829.9,0
2114,Female,26,10,158418.7,1,1,1,151829.9,0
2115,Female,26,10,158418.7,1,1,1,151829.9,0
2116,Female,26,10,158418.7,1,1,1,151829.9,0
2117,Female,26,10,158418.7,1,1,1,151829.9,0
2118,Female,26,10,158418.7,1,1,1,151829.9,0
2119,Female,26,10,158418.7,1,1,1,151829.9,0
2120,Female,26,10,158418.7,1,1,1,151829.9,0
2121,Female,26,10,158418.7,1,1,1,151829.9,0
2122,Female,26,10,158418.7,1,1,1,151829.9,0
2123,Female,26,10,158418.7,1,1,1,151829.9,0
2124,Female,26,10,158418.7,1,1,1,151829.9,0
2125,Female,26,10,158418.7,1,1,1,151829.9,0
2126,Female,26,10,158418.7,1,1,1,151829.9,0
2127,Female,26,10,158418.7,1,1,1,151829.9,0
2128,Female,26,10,158418.7,1,1,1,151829.9,0
2129,Female,26,10,158418.7,1,1,1,151829.9,0
2130,Female,26,10,158418.7,1,1,1,151829.9,0
2131,Female,26,10,158418.7,1,1,1,151829.9,0
2132,Female,26,10,158418.7,1,1,1,151829.9,0
2133,Female,26,10,158418.7,1,1,1,151829.9,0
2134,Female,26,10,158418.7,1,1,1,151829.9,0
2135,Female,26,10,158418.7,1,1,1,151829.9,0
2136,Female,26,10,158418.7,1,1,1,151829.9,0
2137,Female,26,10,158418.7,1,1,1,151829.9,0
2138,Female,26,10,158418.7,1,1,1,151829.9,0
2139,Female,26,10,158418.7,1,1,1,151829.9,0
2140,Female,26,10,158418.7,1,1,1,151829.9,0
2141,Female,26,10,158418.7,1,1,1,151829.9,0
2142,Female,26,10,158418.7,1,1,1,151829.9,0
2143,Female,26,10,158418.7,1,1,1,151829.9,0
2144,Female,26,10,158418.7,1,1,1,151829.9,0
2145,Female,26,10,158418.7,1,1,1,151829.9,0
2146,Female,26,10,158418.7,1,1,1,151829.9,0
2147,Female,26,10,158418.7,1,1,1,151829.9,0
2148,Female,26,10,158418.7,1,1,1,151829.9,0
2149,Female,26,10,158418.7,1,1,1,151829.9,0
2150,Female,26,10,158418.7,1,1,1,151829.9,0
2151,Female,26,10,158418.7,1,1,1,151829.9,0
2152,Female,26,10,158418.7,1,1,1,151829.9,0
2153,Female,26,10,158418.7,1,1,1,151829.9,0
2154,Female,26,10,158418.7,1,1,1,151829.9,0
2155,Female,26,10,158418.7,1,1,1,151829.9,0
2156,Female,26,10,158418.7,1,1,1,151829.9,0
2157,Female,26,10,158418.7,1,1,1,151829.9,0
2158,Female,26,10,158418.7,1,1,1,151829.9,0
2159,Female,26,10,158418.7,1,1,1,151829.9,0
2160,Female,26,10,158418.7,1,1,1,151829.9,0
2161,Female,26,10,158418.7,1,1,1,151829.9,0
2162,Female,26,10,158418.7,1,1,1,151829.9,0
2163,Female,26,10,158418.7,1,1,1,151829.9,0
2164,Female,26,10,158418.7,1,1,1,151829.9,0
2165,Female,26,10,158418.7,1,1,1,151829.9,0
2166,Female,26,10,158418.7,1,1,1,151829.9,0
2167,Female,26,10,158418.7,1,1,1,151829.9,0
2168,Female,26,10,158418.7,1,1,1,151829.9,0
2169,Female,26,10,158418.7,1,1,1,151829.9,0
2170,Female,26,10,158418.7,1,1,1,151829.9,0
2171,Female,26,10,158418.7,1,1,1,151829.9,0
2172,Female,26,10,158418.7,1,1,1,151829.9,0
2173,Female,26,10,158418.7,1,1,1,151829.9,0
2174,Female,26,10,158418.7,1,1,1,151829.9,0
2175,Female,26,10,158418.7,1,1,1,151829.9,0
2176,Female,26,10,158418.7,1,1,1,151829.9,0
2177,Female,26,10,158418.7,1,1,1,151829.9,0
2178,Female,26,10,158418.7,1,1,1,151829.9,0
2179,Female,26,10,158418.7,1,1,1,151829.9,0
2180,Female,26,10,158418.7,1,1,1,151829.9,0
2181,Female,26,10,158418.7,1,1,1,151829.9,0
2182,Female,26,10,158418.7,1,1,1,151829.9,0
2183,Female,26,10,158418.7,1,1,1,151829.9,0
2184,Female,26,10,158418.7,1,1,1,151829.9,0
2185,Female,26,10,158418.7,1,1,1,151829.9,0
2186,Female,26,10,158418.7,1,1,1,151829.9,0
2187,Female,26,10,158418.7,1,1,1,151829.9,0
2188,Female,26,10,158418.7,1,1,1,151829.9,0
2189,Female,26,10,158418.7,1,1,1,151829.9,0
2190,Female,26,10,158418.7,1,1,1,151829.9,0
2191,Female,26,10,158418.7,1,1,1,151829.9,0
2192,Female,26,10,158418.7,1,1,1,151829.9,0
2193,Female,26,10,158418.7,1,1,1,151829.9,0
2194,Female,26,10,158418.7,1,1,1,151829.9,0
2195,Female,26,10,158418.7,1,1,1,151829.9,0
2196,Female,26,10,158418.7,1,1,1,151829.9,0
2197,Female,26,10,158418.7,1,1,1,151829.9,0
2198,Female,26,10,158418.7,1,1,1,151829.9,0
2199,Female,26,10,158418.7,1,1,1,151829.9,0
2200,Female,26,10,158418.7,1,1,1,151829.9,0
2201,Female,26,10,158418.7,1,1,1,151829.9,0
2202,Female,26,10,158418.7,1,1,1,151829.9,0
2203,Female,26,10,158418.7,1,1,1,151829.9,0
2204,Female,26,10,158418.7,1,1,1,151829.9,0
2205,Female,26,10,158418.7,1,1,1,151829.9,0
2206,Female,26,10,158418.7,1,1,1,151829.9,0
2207,Female,26,10,158418.7,1,1,1,151829.9,0
2208,Female,26,10,158418.7,1,1,1,151829.9,0
2209,Female,26,10,158418.7,1,1,1,151829.9,0
2210,Female,26,10,158418.7,1,1,1,151829.9,0
2211,Female,26,10,158418.7,1,1,1,151829.9,0
2212,Female,26,10,158418.7,1,1,1,151829.9,0
2213,Female,26,10,158418.7,1,1,1,151829.9,0
2214,Female,26,10,158418.7,1,1,1,151829.9,0
2215,Female,26,10,158418.7,1,1,1,151829.9,0
2216,Female,26,10,158418.7,1,1,1,151829.9,0
2217,Female,26,10,158418.7,1,1,1,151829.9,0
2218,Female,26,10,158418.7,1,1,1,151829.9,0
2219,Female,26,10,158418.7,1,1,1,151829.9,0
2220,Female,26,10,158418.7,1,1,1,151829.9,0
2221,Female,26,10,158418.7,1,1,1,151829.9,0
2222,Female,26,10,158418.7,1,1,1,151829.9,0
2223,Female,26,10,158418.7,1,1,1,151829.9,0
2224,Female,26,10,158418.7,1,1,1,151829.9,0
2225,Female,26,10,158418.7,1,1,1,151829.9,0
2226,Female,26,10,158418.7,1,1,1,151829.9,0
2227,Female,26,10,158418.7,1,1,1,151829.9,0
2228,Female,26,10,158418.7,1,1,1,151829.9,0
2229,Female,26,10,158418.7,1,1,1,151829.9,0
2230,Female,26,10,158418.7,1,1,1,151829.9,0
2231,Female,26,10,158418.7,1,1,1,151829.9,0
2232,Female,26,10,158418.7,1,1,1,151829.9,0
2233,Female,26,10,158418.7,1,1,1,151829.9,0
2234,Female,26,10,158418.7,1,1,1,151829.9,0
2235,Female,26,10,158418.7,1,1,1,151829.9,0
2236,Female,26,10,158418.7,1,1,1,151829.9,0
2237,Female,26,10,158418.7,1,1,1,151829.9,0
2238,Female,26,10,158418.7,1,1,1,151829.9,0
2239,Female,26,10,158418.7,1,1,1,151829.9,0
2240,Female,26,10,158418.7,1,1,1,151829.9,0
2241,Female,26,10,158418.7,1,1,1,151829.9,0
2242,Female,26,10,158418.7,1,1,1,151829.9,0
2243,Female,26,10,158418.7,1,1,1,151829.9,0
2244,Female,26,10,158418.7,1,1,1,151829.9,0
2245,Female,26,10,158418.7,1,1,1,151829.9,0
2246,Female,26,10,158418.7,1,1,1,151829.9,0
2247,Female,26,10,158418.7,1,1,1,151829.9,0
2248,Female,26,10,158418.7,1,1,1,151829.9,0
2249,Female,26,10,158418.7,1,1,1,151829.9,0
2250,Female,26,10,158418.7,1,1,1,151829.9,0
2251,Female,26,10,158418.7,1,1,1,151829.9,0
2252,Female,26,10,158418.7,1,1,1,151829.9,0
2253,Female,26,10,158418.7,1,1,1,151829.9,0
2254,Female,26,10,158418.7,1,1,1,151829.9,0
2255,Female,26,10,158418.7,1,1,1,151829.9,0
2256,Female,26,10,158418.7,1,1,1,151829.9,0
2257,Female,26,10,158418.7,1,1,1,151829.9,0
2258,Female,26,10,158418.7,1,1,1,151829.9,0
2259,Female,26,10,158418.7,1,1,1,151829.9,0
2260,Female,26,10,158418.7,1,1,1,151829.9,0
2261,Female,26,10,158418.7,1,1,1,151829.9,0
2262,Female,26,10,158418.7,1,1,1,151829.9,0
2263,Female,26,10,158418.7,1,1,1,151829.9,0
2264,Female,26,10,158418.7,1,1,1,151829.9,0
2265,Female,26,10,158418.7,1,1,1,151829.9,0
2266,Female,26,10,158418.7,1,1,1,151829.9,0
2267,Female,26,10,158418.7,1,1,1,151829.9,0
2268,Female,26,10,158418.7,1,1,1,151829.9,0
2269,Female,26,10,158418.7,1,1,1,151829.9,0
2270,Female,26,10,158418.7,1,1,1,151829.9,0
2271,Female,26,10,158418.7,1,1,1,151829.9,0
2272,Female,26,10,158418.7,1,1,1,151829.9,0
2273,Female,26,10,158418.7,1,1,1,151829.9,0
2274,Female,26,10,158418.7,1,1,1,151829.9,0
2275,Female,26,10,158418.7,1,1,1,151829.9,0
2276,Female,26,10,158418.7,1,1,1,151829.9,0
2277,Female,26,10,158418.7,1,1,1,151829.9,0
2278,Female,26,10,158418.7,1,1,1,151829.9,0
2279,Female,26,10,158418.7,1,1,1,151829.9,0
2280,Female,26,10,158418.7,1,1,1,151829.9,0
2281,Female,26,10,158418.7,1,1,1,151829.9,0
2282,Female,26,10,158418.7,1,1,1,151829.9,0
2283,Female,26,10,158418.7,1,1,1,151829.9,0
2284,Female,26,10,158418.7,1,1,1,151829.9,0
2285,Female,26,10,158418.7,1,1,1,151829.9,0
2286,Female,26,10,158418.7,1,1,1,151829.9,0
2287,Female,26,10,158418.7,1,1,1,151829.9,0
2288,Female,26,10,158418.7,1,1,1,151829.9,0
2289,Female,26,10,158418.7,1,1,1,151829.9,0
2290,Female,26,10,158418.7,1,1,1,151829.9,0
2291,Female,26,10,158418.7,1,1,1,151829.9,0
2292,Female,26,10,158418.7,1,1,1,151829.9,0
2293,Female,26,10,158418.7,1,1,1,151829.9,0
2294,Female,26,10,158418.7,1,1,1,151829.9,0
2295,Female,26,10,158418.7,1,1,1,151829.9,0
2296,Female,26,10,158418.7,1,1,1,151829.9,0
2297,Female,26,10,158418.7,1,1,1,151829.9,0
2298,Female,26,10,158418.7,1,1,1,151829.9,0
2299,Female,26,10,158418.7,1,1,1,151829.9,0
2300,Female,26,10,158418.7,1,1,1,151829.9,0
2301,Female,26,10,158418.7,1,1,1,151829.9,0
2302,Female,26,10,158418.7,1,1,1,151829.9,0
2303,Female,26,10,158418.7,1,1,1,151829.9,0
2304,Female,26,10,158418.7,1,1,1,151829.9,0
2305,Female,26,10,158418.7,1,1,1,151829.9,0
2306,Female,26,10,158418.7,1,1,1,151829.9,0
2307,Female,26,10,158418.7,1,1,1,151829.9,0
2308,Female,26,10,158418.7,1,1,1,151829.9,0
2309,Female,26,10,158418.7,1,1,1,151829.9,0
2310,Female,26,10,158418.7,1,1,1,151829.9,0
2311,Female,26,10,158418.7,1,1,1,151829.9,0
2312,Female,26,10,158418.7,1,1,1,151829.9,0
2313,Female,26,10,158418.7,1,1,1,151829.9,0
2314,Female,26,10,158418.7,1,1,1,151829.9,0
2315,Female,26,10,158418.7,1,1,1,151829.9,0
2316,Female,26,10,158418.7,1,1,1,151829.9,0
2317,Female,26,10,158418.7,1,1,1,151829.9,0
2318,Female,26,10,158418.7,1,1,1,151829.9,0
2319,Female,26,10,158418.7,1,1,1,151829.9,0
2320,Female,26,10,158418.7,1,1,1,151829.9,0
2321,Female,26,10,158418.7,1,1,1,151829.9,0
2322,Female,26,10,158418.7,1,1,1,151829.9,0
2323,Female,26,10,158418.7,1,1,1,151829.9,0
2324,Female,26,10,158418.7,1,1,1,151829.9,0
2325,Female,26,10,158418.7,1,1,1,151829.9,0
2326,Female,26,10,158418.7,1,1,1,151829.9,0
2327,Female,26,10,158418.7,1,1,1,151829.9,0
2328,Female,26,10,158418.7,1,1,1,151829.9,0
2329,Female,26,10,158418.7,1,1,1,151829.9,0
2330,Female,26,10,158418.7,1,1,1,151829.9,0
2331,Female,26,10,158418.7,1,1,1,151829.9,0
2332,Female,26,10,158418.7,1,1,1,151829.9,0
2333,Female,26,10,158418.7,1,1,1,151829.9,0
2334,Female,26,10,158418.7,1,1,1,151829.9,0
2335,Female,26,10,158418.7,1,1,1,151829.9,0
2336,Female,26,10,158418.7,1,1,1,151829.9,0
2337,Female,26,10,158418.7,1,1,1,151829.9,0
2338,Female,26,10,158418.7,1,1,1,151829.9,0
2339,Female,26,10,158418.7,1,1,1,151829.9,0
2340,Female,26,10,158418.7,1,1,1,151829.9,0
2341,Female,26,10,158418.7,1,1,1,151829.9,0
2342,Female,26,10,158418.7,1,1,1,151829.9,0
2343,Female,26,10,158418.7,1,1,1,151829.9,0
2344,Female,26,10,158418.7,1,1,1,151829.9,0
2345,Female,26,10,158418.7,1,1,1,151829.9,0
2346,Female,26,10,158418.7,1,1,1,151829.9,0
2347,Female,26,10,158418.7,1,1,1,151829.9,0
2348,Female,26,10,158418.7,1,1,1,151829.9,0
